City_ID,City,Lat,Lng,Max Temp,Humidity,Cloudiness,Wind Speed,Country,Date
0,puerto ayora,-0.7393,-90.3518,24.75,75,24,3.13,EC,1731877429
1,rensselaer,42.7168,-73.4829,9.69,53,99,1.17,US,1731877430
2,waitangi,-43.9535,-176.5597,12.68,68,8,2.24,NZ,1731877431
3,iqaluit,63.7506,-68.5145,-3.15,63,75,6.17,CA,1731877433
4,aksu,41.1231,80.2644,6.58,44,98,1.47,CN,1731877434
5,afaahiti,-17.75,-149.2833,24.42,86,100,8.28,PF,1731877435
6,grytviken,-54.2811,-36.5092,0.97,88,87,7.13,GS,1731877436
7,uturoa,-16.7333,-151.4333,26.76,77,100,8.96,PF,1731877437
8,tralee,52.2704,-9.7026,11.91,95,100,6.55,IE,1731877438
9,qaqortoq,60.7167,-46.0333,-5.2,67,100,4.17,GL,1731877440
10,hacienda huancane,-15.8222,-70.8856,9.85,42,98,7.36,PE,1731877441
11,kodiak,57.79,-152.4072,-3.27,43,20,14.4,US,1731877442
12,blackmans bay,-43.0167,147.3167,12.07,71,100,1.79,AU,1731877443
13,avarua,-21.2078,-159.775,26.03,65,40,6.69,CK,1731877444
14,invercargill,-46.4,168.35,16.68,60,99,2.24,NZ,1731877446
15,imranli,39.8754,38.1136,6.26,92,100,3.76,TR,1731877448
16,yellowknife,62.456,-114.3525,-5.33,100,75,7.2,CA,1731877288
17,brandon,27.9378,-82.2859,27.72,56,40,3.6,US,1731877267
18,papatowai,-46.5619,169.4708,15.72,56,66,1.97,NZ,1731877451
19,basco,20.4487,121.9702,26.59,86,100,10.31,PH,1731877452
20,vernon,50.2581,-119.2691,6.91,72,58,2.68,CA,1731877453
21,margaret river,-33.95,115.0667,10.43,76,57,5.74,AU,1731877454
22,mandalgovi,45.7625,106.2708,-6.24,41,0,3.88,MN,1731877456
23,hovd,48.0056,91.6419,-7.69,50,32,1.59,MN,1731877457
24,stanley,54.868,-1.6985,0.29,94,0,2.57,GB,1731877459
25,port-aux-francais,-49.35,70.2167,6.6,96,100,16.2,TF,1731877460
26,chany,55.3121,76.7647,-1.52,93,80,7.67,RU,1731877461
27,isafjordur,66.0755,-23.124,-6.39,67,100,7.35,IS,1731877462
28,camarinas,43.1311,-9.1817,13.29,89,100,5.38,ES,1731877465
29,whitehorse,60.7161,-135.0538,-8.32,72,100,5.14,CA,1731877361
30,creel,27.75,-107.6333,7.15,72,65,11.06,MX,1731877467
31,tazovsky,67.4667,78.7,-9.92,96,92,3.12,RU,1731877468
32,yamada,39.4667,141.95,4.38,73,100,5.43,JP,1731877469
33,kavaratti,10.5669,72.642,28.09,77,41,1.48,IN,1731877470
34,codrington,-38.2667,141.9667,13.28,64,63,7.42,AU,1731877472
35,bredasdorp,-34.5322,20.0403,16.59,87,0,1.82,ZA,1731877473
36,moose jaw,50.4001,-105.5344,9.14,37,100,7.72,CA,1731877208
37,edinburgh of the seven seas,-37.0676,-12.3116,12.27,64,34,5.11,SH,1731877475
38,qamdo,31.1667,97.2333,-2.08,68,5,1.18,CN,1731877476
39,mulayjah,27.271,48.4242,23.54,22,0,3.6,SA,1731877477
40,flying fish cove,-10.4217,105.6791,25.82,94,100,3.6,CX,1731877229
41,badger,64.8,-147.5333,-17.33,77,0,0.0,US,1731877198
42,besisahar,28.2313,84.3761,13.02,44,0,2.85,NP,1731877481
43,nar'yan-mar,67.6713,53.087,-12.68,96,55,3.38,RU,1731877482
44,gjovik,60.7947,10.6929,1.51,68,100,1.41,NO,1731877483
45,thompson,55.7435,-97.8558,-1.91,93,100,2.06,CA,1731877484
46,port alfred,-33.5906,26.891,17.88,90,0,6.69,ZA,1731877485
47,lihue,21.9789,-159.3672,26.77,72,75,8.23,US,1731877486
48,college,64.8569,-147.8028,-16.72,79,75,0.0,US,1731877487
49,alice springs,-23.7,133.8833,19.75,40,75,2.57,AU,1731877271
50,tepelene,40.2958,20.0192,7.3,86,7,0.72,AL,1731877490
51,barabinsk,55.3571,78.357,-2.42,92,90,7.86,RU,1731877491
52,ola,59.5833,151.2833,-1.03,84,100,21.42,RU,1731877492
53,rikaze,29.25,88.8833,-1.11,43,0,1.72,CN,1731877493
54,ilulissat,69.2167,-51.1,-12.99,43,0,7.2,GL,1731877494
55,georgetown,5.4112,100.3354,25.96,88,20,1.03,MY,1731877219
56,kirakira,-10.4544,161.9205,28.37,76,36,4.34,SB,1731877496
57,orcopampa,-15.2661,-72.3417,10.92,62,98,4.4,PE,1731877498
58,ketchikan,55.3422,-131.6461,5.99,81,40,2.06,US,1731877469
59,bethel,41.3712,-73.414,15.5,30,0,0.0,US,1731877427
60,saint-philippe,-21.3585,55.7679,22.96,81,47,4.69,RE,1731877501
61,dano,11.15,-3.0667,25.5,17,0,3.4,BF,1731877502
62,youkounkoun,12.5333,-13.1333,29.01,34,76,0.75,GN,1731877503
63,bathsheba,13.2167,-59.5167,25.34,94,75,7.2,BB,1731877505
64,kingston,17.997,-76.7936,30.53,66,75,3.6,JM,1731877506
65,muang phon-hong,18.4928,102.4172,21.42,91,26,0.61,LA,1731877507
66,howard springs,-12.497,131.047,26.1,92,100,2.44,AU,1731877508
67,ribeira grande,38.5167,-28.7,19.22,72,75,8.23,PT,1731877509
68,constantia,44.1833,28.65,2.61,76,0,3.96,RO,1731877264
69,aasiaat,68.7098,-52.8699,-20.71,93,13,5.47,GL,1731877511
70,frontera,26.9333,-101.45,26.05,48,75,0.0,MX,1731877513
71,kirando,-7.4167,30.6,23.88,79,12,3.85,TZ,1731877514
72,albany,42.6001,-73.9662,11.62,50,100,1.48,US,1731877398
73,enewetak,11.3474,162.3373,28.42,77,3,7.53,MH,1731877516
74,hawaiian paradise park,19.5933,-154.9731,23.82,91,100,1.34,US,1731877517
75,fumel,44.4986,0.9651,6.86,87,100,0.96,FR,1731877518
76,adamstown,-25.066,-130.1015,23.28,77,1,5.7,PN,1731877420
77,ushuaia,-54.8,-68.3,9.81,57,75,9.77,AR,1731877521
78,tsevie,6.4261,1.2133,28.49,74,30,2.11,TG,1731877522
79,xichang,27.8964,102.2634,9.59,88,2,0.42,CN,1731877523
80,pisco,-13.7,-76.2167,23.03,68,0,9.26,PE,1731877524
81,ambalangoda,6.2355,80.0538,26.78,80,99,0.97,LK,1731877525
82,laojunmiao,39.8333,97.7333,-1.45,45,100,2.29,CN,1731877527
83,west island,-12.1568,96.8225,25.99,89,40,3.09,CC,1731877528
84,port mathurin,-19.6833,63.4167,24.39,85,99,10.53,MU,1731877529
85,utrik,11.2278,169.8474,28.27,77,6,7.27,MH,1731877531
86,alofi,-19.0595,-169.9187,24.94,83,100,8.23,NU,1731877532
87,mahina,-17.5065,-149.489,27.87,74,0,2.06,PF,1731877533
88,jamestown,42.097,-79.2353,10.57,65,0,2.57,US,1731877432
89,st. john's,47.5649,-52.7093,11.2,97,100,5.66,CA,1731877536
90,colonia,50.9333,6.95,6.65,84,75,2.57,DE,1731877537
91,jining,35.405,116.5814,6.68,40,99,3.06,CN,1731877538
92,mount isa,-20.7333,139.5,24.87,78,40,4.12,AU,1731877539
93,tromso,69.6496,18.957,2.01,87,75,3.6,NO,1731877540
94,yelizovo,53.1873,158.3805,4.08,87,100,4.0,RU,1731877543
95,arawa,-6.2132,155.5367,28.04,77,9,0.83,PG,1731877544
96,kapuskasing,49.4169,-82.4331,5.05,100,100,5.66,CA,1731877545
97,chonchi,-42.6128,-73.8092,15.05,51,1,2.47,CL,1731877546
98,outjo,-20.1167,16.15,26.16,37,65,4.76,NA,1731877547
99,talnakh,69.4865,88.3972,-9.28,95,100,4.55,RU,1731877349
100,port elizabeth,-33.918,25.5701,19.16,97,0,4.63,ZA,1731877549
101,newman,37.3138,-121.0208,15.59,42,0,0.45,US,1731877551
102,altamont,42.2068,-121.7372,5.43,89,100,1.34,US,1731877303
103,honefoss,60.168,10.2565,1.59,74,100,0.87,NO,1731877553
104,ciudad manuel doblado,20.7333,-101.9333,26.89,31,98,5.29,MX,1731877554
105,ancud,-41.8697,-73.8203,13.92,62,3,1.46,CL,1731877363
106,kupang,-10.1667,123.5833,27.32,89,93,0.39,ID,1731877556
107,bensonville,6.4461,-10.6125,24.79,91,81,1.82,LR,1731877558
108,tauranga,-37.6861,176.1667,18.62,55,0,1.34,NZ,1731877559
109,weno,7.4515,151.8468,28.72,76,55,5.92,FM,1731877560
110,puerto natales,-51.7236,-72.4875,11.25,50,75,7.72,CL,1731877324
111,macapa,0.0389,-51.0664,31.99,62,40,5.14,BR,1731877271
112,nueva gerona,21.8833,-82.8,26.3,62,89,5.36,CU,1731877388
113,taulaga,-11.0553,-171.0883,27.49,78,100,10.65,AS,1731877564
114,atafu village,-8.5421,-172.5159,28.35,73,53,5.53,TK,1731877565
115,inarajan village,13.2736,144.7484,25.78,88,88,5.59,GU,1731877567
116,dawesville,30.9224,-84.0091,23.23,54,0,0.0,US,1731877568
117,woolgoolga,-30.1106,153.2007,22.19,84,100,6.12,AU,1731877569
118,alotau,-10.3069,150.4462,26.71,85,97,1.66,PG,1731877570
119,anadyr,64.75,177.4833,-24.72,75,0,4.0,RU,1731877571
120,vorgashor,67.5833,63.95,-18.5,100,72,2.16,RU,1731877572
121,kralendijk,12.15,-68.2667,29.99,70,20,4.12,BQ,1731877573
122,longyearbyen,78.2186,15.6401,-8.09,53,20,3.6,SJ,1731877574
123,nishinoomote,30.7333,131.0,20.16,71,0,10.42,JP,1731877576
124,nemuro,43.3236,145.575,2.06,85,100,10.82,JP,1731877566
125,polyarnyy,69.1989,33.4478,0.82,76,100,6.52,RU,1731877578
126,la huacana,18.9667,-101.8167,31.53,42,31,1.73,MX,1731877579
127,juruti,-2.1522,-56.0922,34.35,35,20,2.43,BR,1731877581
128,cassilandia,-19.1133,-51.7342,25.59,84,56,2.03,BR,1731877362
129,lebu,-37.6167,-73.65,13.46,75,2,8.14,CL,1731877356
130,hermanus,-34.4187,19.2345,14.33,91,4,1.95,ZA,1731877442
131,oyon,-10.6681,-76.7731,3.58,88,100,2.98,PE,1731877586
132,hadibu,12.65,54.0333,25.85,73,54,4.62,YE,1731877588
133,tiksi,71.6872,128.8694,-28.21,99,57,2.85,RU,1731877589
134,kirensk,57.7853,108.1119,-5.65,84,100,5.5,RU,1731877590
135,arkhangel'sk,64.5401,40.5433,1.06,100,100,2.0,RU,1731877591
136,tateyama,34.9833,139.8667,16.35,83,99,8.7,JP,1731877592
137,kailua-kona,19.6406,-155.9956,28.64,71,20,4.12,US,1731877594
138,bayanhongor,46.7167,100.1167,-20.08,82,3,1.57,MN,1731877595
139,ad dabbah,18.05,30.95,22.57,23,0,5.87,SD,1731877596
140,kaltungo,9.8142,11.3089,23.19,25,62,2.27,NG,1731877597
141,mezhdurechensk,53.6942,88.0603,-4.79,92,99,1.45,RU,1731877598
142,arraial do cabo,-22.9661,-42.0278,23.98,100,75,6.17,BR,1731877303
143,saipan,15.1355,145.701,27.39,82,20,4.12,MP,1731877601
144,fedorovskiy,45.0972,40.9517,0.67,95,0,2.75,RU,1731877602
145,tolanaro,-25.0319,46.9987,23.6,93,100,3.92,MG,1731877603
146,namibe,-15.1961,12.1522,23.82,75,70,1.51,AO,1731877604
147,arimalam,10.2667,78.9,23.27,91,100,4.2,IN,1731877605
148,shemgang,27.2169,90.6579,9.49,96,11,2.61,BT,1731877606
149,son la,21.3167,103.9,17.36,86,88,1.08,VN,1731877607
150,susuman,62.7833,148.1667,-21.8,96,100,2.68,RU,1731877609
151,codajas,-3.8367,-62.0569,33.22,43,19,1.59,BR,1731877610
152,kapit,2.0167,112.9333,22.74,99,77,0.3,MY,1731877325
153,olonkinbyen,70.9221,-8.7187,-4.57,66,100,13.48,SJ,1731877612
154,lazaro cardenas,17.9583,-102.2,29.12,65,13,3.68,MX,1731877613
155,port blair,11.6667,92.75,27.3,77,93,3.81,IN,1731877614
156,gizo,-8.103,156.8419,28.14,73,51,2.14,SB,1731877615
157,nuuk,64.1835,-51.7216,-3.66,54,0,7.72,GL,1731877616
158,kiama,-34.6833,150.8667,20.21,54,100,2.68,AU,1731877618
159,boca suno,-0.7167,-77.1333,28.43,74,100,1.71,EC,1731877619
160,brisas de zicatela,15.8369,-97.0419,31.29,74,40,6.69,MX,1731877620
161,walvis bay,-22.9575,14.5053,15.71,87,56,2.03,NA,1731877621
162,kalmunai,7.4167,81.8167,25.5,87,51,2.25,LK,1731877622
163,idri,27.5,13.2667,18.1,28,0,1.82,LY,1731877623
164,magadan,59.5667,150.8,-1.5,89,100,21.0,RU,1731877624
165,patterson,37.4716,-121.1297,16.64,42,0,2.34,US,1731877626
166,kangding,30.0513,101.9603,4.44,83,28,1.3,CN,1731877627
167,saynshand,44.8824,110.1163,-4.47,34,0,3.53,MN,1731877628
168,wailua homesteads,22.0669,-159.378,26.44,78,75,8.23,US,1731877629
169,bilibino,68.0546,166.4372,-31.92,98,51,1.82,RU,1731877630
170,kulhudhuffushi,6.6221,73.07,27.55,80,100,4.53,MV,1731877631
171,pacasmayo,-7.4006,-79.5714,21.26,71,48,6.09,PE,1731877633
172,baiao,-2.7906,-49.6717,32.89,38,74,0.55,BR,1731877634
173,port lincoln,-34.7333,135.8667,14.46,63,100,4.09,AU,1731877636
174,palikir - national government center,6.9248,158.1611,29.41,74,40,4.12,FM,1731877482
175,victoria de durango,24.0333,-104.6667,16.68,67,100,6.44,MX,1731877411
176,shingu,33.7333,135.9833,13.54,87,2,2.83,JP,1731877639
177,es castell,39.8795,4.2854,13.38,94,0,1.54,ES,1731877641
178,vilyuchinsk,52.9306,158.4028,4.15,99,100,0.86,RU,1731877642
179,suva,-18.1416,178.4415,27.71,78,75,0.0,FJ,1731877623
180,ko pha ngan,9.7578,100.0291,25.38,76,100,3.86,TH,1731877644
181,punta arenas,-53.15,-70.9167,11.06,58,20,11.32,CL,1731877612
182,tommot,58.9564,126.2925,-30.38,98,55,1.0,RU,1731877646
183,rongelap,11.1635,166.8941,28.27,79,1,7.8,MH,1731877648
184,chernyshevsk,52.5243,117.0174,-30.84,100,74,0.41,RU,1731877650
185,new plymouth,-39.0667,174.0833,18.78,100,5,2.35,NZ,1731877651
186,el matama,16.7095,33.3565,27.95,26,0,4.65,SD,1731877652
187,pinheiro,-2.5214,-45.0825,30.52,55,27,3.79,BR,1731877653
188,saudarkrokur,65.7461,-19.6394,-4.43,74,100,4.55,IS,1731877656
189,asau,46.4333,26.4,6.09,83,34,3.81,RO,1731877657
190,sao miguel do araguaia,-13.275,-50.1628,24.73,89,99,2.14,BR,1731877658
191,kruisfontein,-34.0033,24.7314,17.03,84,0,1.6,ZA,1731877659
192,cootamundra,-34.65,148.0333,13.06,60,50,4.33,AU,1731877660
193,praia da vitoria,38.7333,-27.0667,17.19,84,66,11.7,PT,1731877661
194,nguigmi,14.2495,13.1092,23.01,23,0,5.73,NE,1731877662
195,asha,54.9973,57.2722,1.03,90,100,5.91,RU,1731877665
196,fortaleza,-3.7227,-38.5247,28.07,74,40,7.2,BR,1731877409
197,prachuap khiri khan,12.2167,99.75,22.82,89,51,1.12,TH,1731877668
198,monywa,22.1167,95.1333,19.62,80,11,2.29,MM,1731877669
199,cannonvale,-20.2833,148.7,24.66,64,100,5.5,AU,1731877670
200,cururupu,-1.8283,-44.8683,26.4,76,9,2.19,BR,1731877671
201,mount gambier,-37.8333,140.7667,12.0,83,99,3.56,AU,1731877672
202,dudinka,69.4058,86.1778,-7.59,94,100,6.14,RU,1731877673
203,pacific grove,36.6177,-121.9166,17.98,65,63,0.89,US,1731877674
204,whakatane,-37.9585,176.9854,18.06,58,2,1.79,NZ,1731877676
205,ataq,14.5377,46.8319,20.55,66,21,3.19,YE,1731877677
206,liman,48.9884,37.8023,1.23,69,4,2.94,UA,1731877678
207,hastings,50.8552,0.5729,10.1,48,83,9.47,GB,1731877679
208,ceerigaabo,10.6162,47.368,17.78,73,29,1.48,SO,1731877681
209,key largo,25.0865,-80.4473,24.56,63,93,6.33,US,1731877682
210,chibougamau,49.9168,-74.3659,0.29,76,100,1.66,CA,1731877684
211,tofol,5.3248,163.0078,28.73,75,7,5.48,FM,1731877685
212,la ronge,55.1001,-105.2842,-0.88,86,100,5.14,CA,1731877686
213,gadzhiyevo,69.2551,33.3362,1.05,75,100,6.64,RU,1731877562
214,liwonde,-15.0506,35.2035,26.14,61,13,1.25,MW,1731877688
215,atherton,53.5237,-2.4935,6.05,96,97,2.99,GB,1731877689
216,villa gesell,-37.2639,-56.973,13.8,62,99,9.87,AR,1731877476
217,nejo,9.5,35.5,14.96,84,14,1.01,ET,1731877692
218,kabinda,-6.1333,24.4833,19.68,94,95,0.67,CD,1731877693
219,berriane,32.8265,3.7669,19.51,27,100,3.55,DZ,1731877694
220,el calafate,-50.3408,-72.2768,10.93,59,48,5.76,AR,1731877695
221,newport,51.5877,-2.9984,10.06,93,100,4.42,GB,1731877608
222,munsan,37.8594,126.785,0.76,27,0,4.57,KR,1731877697
223,bandundu,-3.3167,17.3667,22.28,94,64,0.15,CD,1731877699
224,nsanje,-16.92,35.262,24.46,82,82,2.67,MW,1731877599
225,yakeshi,49.2833,120.7333,-22.07,95,5,1.55,CN,1731877701
226,yuzhno-kurilsk,44.0306,145.8556,1.42,86,100,9.88,RU,1731877702
227,holdrege,40.4403,-99.3698,12.95,38,0,2.57,US,1731877703
228,wagar,16.1525,36.2032,27.59,46,0,4.62,SD,1731877704
229,xinzhi,36.4989,111.7047,7.63,52,100,2.36,CN,1731877705
230,hanzhong,33.0728,107.0303,6.75,91,100,2.62,CN,1731877706
231,geraldton,-28.7667,114.6,25.23,36,19,8.17,AU,1731877708
232,daru,-9.0763,143.2092,26.87,84,98,5.47,PG,1731877709
233,aweil,8.7682,27.4002,28.7,46,99,0.81,SS,1731877710
234,totoras,-32.5844,-61.1685,19.23,65,100,6.75,AR,1731877712
235,tarakan,3.3,117.6333,26.16,84,80,2.88,ID,1731877713
236,veraval,20.9,70.3667,25.82,40,0,3.63,IN,1731877714
237,manismata,-2.4667,111.0333,22.79,99,95,0.91,ID,1731877716
238,udachny,66.4167,112.4,-14.26,96,100,4.22,RU,1731877653
239,bogale,16.2833,95.4,22.42,85,30,2.88,MM,1731877692
240,al kharijah,25.4514,30.5464,18.28,47,2,3.36,EG,1731877719
241,severo-yeniseyskiy,60.3725,93.0408,-6.4,89,100,5.53,RU,1731877720
242,san mariano,7.5,126.0,21.53,95,52,1.16,PH,1731877721
243,gaspe,48.8334,-64.4819,3.65,92,85,2.84,CA,1731877642
244,kindu,-2.95,25.95,21.39,94,60,0.39,CD,1731877724
245,yuxi,24.355,102.5422,9.06,88,5,0.96,CN,1731877725
246,smithers,54.7804,-127.1743,1.32,76,95,1.0,CA,1731877726
247,nikolayevsk-on-amure,53.1406,140.73,-13.66,87,100,5.93,RU,1731877727
248,manakara,-22.1333,48.0167,23.16,91,50,2.62,MG,1731877728
249,argostolion,38.1811,20.489,14.19,71,0,2.91,GR,1731877729
250,minas de marcona,-15.2119,-75.1103,18.83,59,23,6.49,PE,1731877730
251,buka,40.8108,69.1986,8.18,47,100,1.25,UZ,1731877732
252,sligo,54.2697,-8.4694,7.74,84,98,2.79,IE,1731877465
253,tucuma,-0.1833,-50.05,28.28,68,6,4.76,BR,1731877735
254,souillac,-20.5167,57.5167,24.21,73,40,5.14,MU,1731877738
255,egilsstadir,65.2653,-14.3948,-5.05,93,100,2.57,IS,1731880096
256,sao gabriel da cachoeira,-0.1303,-67.0892,27.11,81,88,1.28,BR,1731880097
257,sao paulo de olivenca,-3.3783,-68.8725,28.61,71,99,0.51,BR,1731880098
258,sitia,35.2,26.0986,15.99,65,85,5.58,GR,1731880099
259,touros,-5.1989,-35.4608,25.78,78,5,7.01,BR,1731880101
260,carbonear,47.7332,-53.2148,12.35,96,100,3.09,CA,1731880102
261,san antonio de pale,-1.4014,5.6325,26.01,85,46,4.9,GQ,1731880103
262,dahlonega,34.5326,-83.9849,17.57,61,100,1.66,US,1731879823
263,conde,-7.2597,-34.9075,24.7,94,75,6.17,BR,1731880071
264,labrador city,52.9463,-66.9114,-1.57,90,75,5.81,CA,1731880063
265,tumayr,25.7039,45.868,20.86,28,0,3.15,SA,1731880108
266,fort-shevchenko,44.5086,50.263,5.98,82,99,5.14,KZ,1731880109
267,northam,51.0333,-4.2167,12.56,89,91,8.04,GB,1731880110
268,nizhnegorskiy,45.4479,34.7384,7.66,81,61,1.18,UA,1731880111
269,filingue,14.3521,3.3168,24.82,13,1,4.31,NE,1731880112
270,vila velha,-20.3297,-40.2925,23.97,91,75,1.54,BR,1731879825
271,island harbour,50.724,-1.2758,10.57,66,68,2.24,GB,1731880114
272,pitimbu,-7.4706,-34.8086,25.91,77,45,6.5,BR,1731880116
273,klyuchi,52.2667,79.1667,-3.44,90,93,3.64,RU,1731880117
274,mozarlandia,-14.7447,-50.5706,24.54,83,85,1.92,BR,1731880064
275,springs,-26.25,28.4,18.7,79,95,1.66,ZA,1731880119
276,fuglafjordur,62.244,-6.814,1.8,58,100,10.47,FO,1731880120
277,ebon,4.582,168.6964,28.29,75,86,3.47,MH,1731880121
278,ghanzi,-21.5667,21.7833,26.07,28,19,2.81,BW,1731880122
279,clinton,42.587,-82.9199,12.74,79,100,3.6,US,1731879946
280,abepura,-2.6333,140.5833,27.45,78,20,2.57,ID,1731880125
281,tengrela,10.4869,-6.4097,24.05,25,0,1.48,CI,1731880126
282,kudahuvadhoo,2.6708,72.8944,27.15,80,100,5.05,MV,1731880127
283,port augusta,-32.5,137.7667,18.2,53,8,6.74,AU,1731880128
284,saldanha,-33.0117,17.9442,16.03,91,1,6.41,ZA,1731879960
285,agat village,13.3886,144.6585,27.42,86,0,3.6,GU,1731880131
286,tinghir,31.5157,-5.5343,12.74,78,85,0.83,MA,1731880132
287,masterton,-40.9597,175.6575,15.91,48,0,3.97,NZ,1731880133
288,hasaki,35.7333,140.8333,15.14,79,100,11.6,JP,1731880134
289,holualoa,19.6228,-155.9522,27.13,76,20,4.12,US,1731880135
290,hotan,37.0997,79.9269,5.83,51,99,1.04,CN,1731880136
291,petropavlovsk-kamchatsky,53.0452,158.6483,3.33,93,100,6.0,RU,1731880137
292,cockburn town,21.4612,-71.1419,26.23,60,26,6.51,TC,1731880139
293,lerwick,60.1545,-1.1494,3.88,64,92,10.66,GB,1731880140
294,bubaque,11.2833,-15.8333,28.5,72,91,5.89,GW,1731880141
295,sittwe,20.15,92.9,21.74,84,36,2.68,MM,1731880142
296,las trojes,14.0667,-85.9833,21.12,97,100,0.73,HN,1731880143
297,brookings,44.3114,-96.7984,12.25,47,0,7.2,US,1731879893
298,genhe,50.7833,121.5167,-23.35,98,6,1.44,CN,1731880145
299,kauhava,63.103,23.0713,0.22,94,99,2.77,FI,1731880147
300,carnarvon,-24.8667,113.6333,21.1,79,0,2.55,AU,1731880148
301,tura,25.5198,90.2201,17.36,95,0,1.74,IN,1731880149
302,quellon,-43.1167,-73.6167,11.61,70,0,6.15,CL,1731880150
303,east london,-33.0153,27.9116,18.87,85,0,6.11,ZA,1731880151
304,lijiang,26.8688,100.2207,3.47,88,0,1.67,CN,1731880152
305,telimele,10.9167,-13.3333,23.64,74,100,1.0,GN,1731880153
306,hsinchu,24.8036,120.9686,20.5,84,21,4.02,TW,1731880155
307,jinchang,38.4953,102.1739,1.62,55,100,1.07,CN,1731880156
308,itaunja,27.0833,80.9167,18.27,46,0,2.03,IN,1731880157
309,tharad,24.3961,71.6267,21.65,32,0,2.43,IN,1731880158
310,antofagasta,-23.65,-70.4,19.6,82,38,3.35,CL,1731880055
311,la passe,45.5549,-0.8967,11.45,79,91,2.9,FR,1731880160
312,fenoarivo atsinanana,-17.3667,49.4167,24.31,82,54,0.56,MG,1731880162
313,baruun-urt,46.6806,113.2792,-9.03,36,7,2.58,MN,1731880163
314,lintong,34.378,109.2089,5.45,85,100,2.78,CN,1731880165
315,puerto baquerizo moreno,-0.9,-89.6,24.55,65,40,5.66,EC,1731880027
316,myitkyina,25.3833,97.4,15.19,87,0,1.14,MM,1731880167
317,hailey,43.5196,-114.3153,3.28,69,100,2.06,US,1731880169
318,ribeira brava,32.65,-17.0667,21.35,70,87,2.75,PT,1731880170
319,sovetskaya gavan',48.9723,140.2878,-8.6,62,98,5.88,RU,1731880171
320,puerto aysen,-45.4,-72.7,12.62,78,81,1.76,CL,1731880172
321,al jawf,29.5,38.75,17.24,46,50,0.67,SA,1731880173
322,saint-pierre,-21.3393,55.4781,22.82,68,0,5.66,RE,1731880174
323,sisimiut,66.9395,-53.6735,-10.33,62,0,6.7,GL,1731880175
324,tillaberi,14.2117,1.4531,25.95,12,2,4.38,NE,1731880176
325,luganville,-15.5333,167.1667,28.01,71,87,4.91,VU,1731880178
326,ironwood,46.4547,-90.171,7.45,53,0,6.69,US,1731880065
327,charters towers,-20.1,146.2667,26.36,54,59,7.33,AU,1731880180
328,cambria,35.5641,-121.0808,15.03,61,0,2.68,US,1731879934
329,bandarbeyla,9.4942,50.8122,26.24,83,84,6.01,SO,1731880182
330,nouadhibou,20.931,-17.0347,20.99,68,0,5.66,MR,1731880183
331,bismarck,46.8083,-100.7837,12.91,36,0,7.2,US,1731880184
332,coihueco,-36.6167,-71.8333,23.41,29,40,2.06,CL,1731880186
333,birjand,32.8663,59.2211,7.26,53,0,2.06,IR,1731880187
334,manga,11.6636,-1.0731,24.45,18,5,3.51,BF,1731880188
335,taroa,8.7058,171.2275,28.56,77,32,8.5,MH,1731880189
336,sanming,26.2486,117.6186,18.01,96,100,1.9,CN,1731880190
337,carutapera,-1.195,-46.02,26.92,77,6,4.78,BR,1731880191
338,chodavaram,17.8333,82.95,19.3,84,22,1.37,IN,1731880192
339,dhuusamarreeb,5.535,46.3861,24.77,74,72,4.35,SO,1731880194
340,taltal,-25.4,-70.4833,18.15,73,27,3.39,CL,1731880195
341,kourou,5.1552,-52.6478,26.24,84,59,3.56,GF,1731880196
342,fort st. john,56.2499,-120.8529,-5.06,80,100,6.69,CA,1731880197
343,fortuna,40.5982,-124.1573,13.29,97,75,0.89,US,1731880198
344,sandnessjoen,66.0217,12.6316,2.06,93,40,2.57,NO,1731880199
345,lompoc,34.6391,-120.4579,18.96,56,0,6.69,US,1731880201
346,okha,53.5739,142.9478,-7.31,88,100,10.74,RU,1731880202
347,kuraymah,18.55,31.85,22.11,26,0,5.0,SD,1731880203
348,port macquarie,-31.4333,152.9167,22.82,84,100,0.45,AU,1731880204
349,tapes,-30.6733,-51.3958,23.81,86,95,2.35,BR,1731880205
350,keflavik,64.0049,-22.5624,-3.76,74,40,9.26,IS,1731880206
351,kodinsk,58.6881,99.1844,-2.53,82,100,4.62,RU,1731880208
352,urangan,-25.3,152.9,24.46,57,38,3.83,AU,1731880209
353,cadale,2.7603,46.3222,26.61,78,100,6.04,SO,1731880210
354,reggane,26.7158,0.1714,25.91,13,99,4.66,DZ,1731880211
355,novoagansk,61.9449,76.6625,-0.26,97,100,7.8,RU,1731880212
356,karratha,-20.7377,116.8463,26.54,62,0,1.57,AU,1731880213
357,thames,-37.1333,175.5333,17.53,44,0,3.06,NZ,1731880214
358,yanchep,-31.55,115.6833,17.02,48,0,7.17,AU,1731880215
359,zonguldak,41.25,31.8333,6.83,89,95,1.46,TR,1731879966
360,rochester,43.1548,-77.6156,9.79,76,100,0.45,US,1731879752
361,madalena,41.2162,-8.3345,14.32,91,65,1.21,PT,1731880220
362,cape coast,5.1053,-1.2466,26.82,81,38,3.39,GH,1731880215
363,rosetta,31.4044,30.4164,19.39,68,1,6.86,EG,1731880222
364,mukalla,14.5425,49.1242,25.87,59,75,1.94,YE,1731880223
365,cedeira,43.6797,-8.0209,13.87,98,100,6.76,ES,1731880225
366,puerto maldonado,-12.6,-69.1833,28.22,74,20,4.12,PE,1731880226
367,amarante do maranhao,-5.5667,-46.7422,28.66,48,38,0.59,BR,1731880120
368,galesburg,40.9478,-90.3712,15.57,79,100,2.06,US,1731880228
369,heihe,50.2441,127.4902,-16.68,67,0,5.9,CN,1731880229
370,guerrero negro,27.9769,-114.0611,18.09,49,0,10.63,MX,1731880230
371,artesia,33.8658,-118.0831,21.74,32,0,3.13,US,1731880231
372,katsuura,35.1333,140.3,15.86,86,100,10.6,JP,1731880233
373,santa cruz del sur,20.7147,-77.9956,25.77,65,71,6.66,CU,1731880234
374,padina,45.1181,20.7272,2.89,66,65,1.58,RS,1731880235
375,gamboma,-1.8764,15.8644,23.51,85,85,0.92,CG,1731880236
376,sitka,57.0531,-135.33,3.94,87,100,1.54,US,1731880237
377,mil'kovo,55.6078,37.7956,4.24,61,100,5.59,RU,1731880238
378,lorengau,-2.0226,147.2712,28.37,78,88,2.77,PG,1731880239
379,rudsar,37.1376,50.288,14.06,96,100,2.49,IR,1731880241
380,kokomo,40.4864,-86.1336,15.01,80,0,5.66,US,1731880228
381,muleba,-1.8397,31.6544,19.81,71,31,1.89,TZ,1731880243
382,vadso,70.0744,29.7487,2.09,87,40,4.12,NO,1731880244
383,port saint john's,-31.6229,29.5448,19.7,89,9,3.32,ZA,1731880245
384,mariental,-24.6333,17.9667,28.17,17,77,4.7,NA,1731880246
385,i-n-salah,27.1935,2.4607,23.23,17,94,4.56,DZ,1731880247
386,hamilton,39.1834,-84.5333,17.91,68,0,6.17,US,1731879993
387,pontianak,-0.0333,109.3333,24.99,100,100,1.54,ID,1731880250
388,mhamid,29.82,-5.72,19.63,45,100,2.54,MA,1731880253
389,kertih,4.5141,103.4483,24.01,100,100,0.0,MY,1731880254
390,kapa'a,22.0752,-159.319,27.18,72,75,8.23,US,1731880256
391,berezovo,63.9381,65.0419,-1.97,91,98,4.45,RU,1731880257
392,peterhead,57.5058,-1.7981,4.85,58,35,10.88,GB,1731880258
393,sao joao da barra,-21.6403,-41.0511,25.05,85,72,6.96,BR,1731880259
394,papao,-17.75,-149.55,29.82,84,100,9.41,PF,1731880260
395,keila,59.3036,24.4131,4.01,93,40,4.63,EE,1731880261
396,fale old settlement,-9.3852,-171.2468,28.07,75,9,6.4,TK,1731880262
397,cromer,52.9312,1.2989,4.0,74,100,6.58,GB,1731880264
398,chaman,30.9236,66.4512,11.1,45,32,1.32,PK,1731880265
399,padang,-0.9492,100.3543,24.03,90,100,1.75,ID,1731880266
400,mcalester,34.9334,-95.7697,23.05,68,75,0.0,US,1731880267
401,oppdal,62.5943,9.6912,-6.14,95,100,4.42,NO,1731880084
402,vila franca do campo,37.7167,-25.4333,19.23,99,72,9.17,PT,1731880269
403,helong,42.5397,128.9972,-8.65,40,0,4.7,CN,1731880271
404,sint michiel liber,12.15,-68.9833,30.9,74,20,3.09,CW,1731880272
405,vilyuysk,63.7553,121.6247,-17.47,97,98,2.48,RU,1731880273
406,gobabis,-22.45,18.9667,25.41,35,67,1.44,NA,1731880274
407,hadyach,50.3711,33.991,3.33,93,53,5.78,UA,1731880275
408,aykhal,66.0,111.5,-13.89,95,100,6.13,RU,1731880276
409,axim,4.8699,-2.2405,26.18,82,45,3.51,GH,1731880277
410,patacamaya,-17.2333,-67.9167,14.18,52,100,3.92,BO,1731880279
411,lakatoro,-16.0999,167.4164,27.89,68,100,3.96,VU,1731880280
412,longmen,24.9597,118.0889,17.48,94,88,2.09,CN,1731880281
413,nizhniy odes,63.6445,54.856,-3.29,89,34,4.75,RU,1731880282
414,nova sintra,14.8667,-24.7167,24.95,73,53,4.97,CV,1731880283
415,rio branco,-9.9747,-67.81,25.34,88,100,4.12,BR,1731880030
416,santa cruz,-17.8,-63.1667,33.03,58,20,6.17,BO,1731880240
417,at taj,24.2049,23.2857,16.1,52,0,3.75,LY,1731880286
418,el granada,37.5027,-122.4694,15.48,75,100,2.06,US,1731880288
419,labytnangi,66.6572,66.4183,-15.47,98,92,1.84,RU,1731880289
420,nha trang,12.25,109.1833,25.0,83,99,2.63,VN,1731880290
421,praia,14.9215,-23.5087,24.3,78,40,4.12,CV,1731880291
422,gaiman,-43.2897,-65.4929,27.11,10,0,4.68,AR,1731880292
423,port-vila,-17.7338,168.3219,27.78,78,75,1.54,VU,1731880293
424,siguiri,11.6667,-9.5,24.6,23,72,1.14,GN,1731880294
425,hithadhoo,-0.6,73.0833,25.29,92,100,7.52,MV,1731880296
426,queenstown,-31.8976,26.8753,16.86,85,0,0.74,ZA,1731880297
427,midvagur,62.0511,-7.1939,0.46,59,75,6.69,FO,1731880298
428,lethem,3.3803,-59.7968,29.49,55,77,3.47,GY,1731880299
429,kushiro,42.975,144.3747,2.53,87,75,3.6,JP,1731880300
430,nadym,65.5333,72.5167,-7.94,97,100,1.71,RU,1731880301
431,okhotsk,59.3833,143.3,-13.89,68,100,16.11,RU,1731880302
432,kyzylorda,44.8528,65.5092,-0.99,100,100,3.0,KZ,1731880304
433,nyala,12.05,24.8833,24.61,23,100,7.22,SD,1731880305
434,tamandare,-8.7597,-35.1047,25.3,81,11,5.48,BR,1731880306
435,iskateley,67.6803,53.1512,-11.97,95,59,3.63,RU,1731880307
436,tafresh,34.692,50.013,6.49,50,45,1.79,IR,1731880308
437,watford city,47.8022,-103.2832,6.92,65,67,6.17,US,1731880309
438,jega,12.2175,4.3792,23.4,20,0,4.4,NG,1731880310
439,remire-montjoly,4.9167,-52.2667,27.02,89,0,1.54,GF,1731880312
440,klaksvik,62.2266,-6.589,2.82,57,100,11.67,FO,1731880313
441,dingli,35.8614,14.3822,18.78,88,20,3.6,MT,1731880314
442,kristiansund,63.1115,7.732,4.51,60,75,5.66,NO,1731880315
443,san patricio,28.017,-97.5169,29.97,66,94,9.28,US,1731880316
444,paka,4.6374,103.4368,23.96,100,100,0.0,MY,1731880317
445,cidreira,-30.1811,-50.2056,21.99,87,55,7.81,BR,1731880318
446,bardai,11.65,7.2333,19.33,24,2,3.98,NG,1731880320
447,kiunga,-6.1219,141.2906,25.13,94,87,1.41,PG,1731880321
448,puerto carreno,6.189,-67.4859,32.99,58,20,1.03,CO,1731880322
449,igarka,67.4667,86.5833,-5.86,96,100,4.62,RU,1731880323
450,banda aceh,5.5577,95.3222,25.22,84,68,4.48,ID,1731880324
451,porto novo,6.4965,2.6036,27.9,77,12,2.48,BJ,1731880325
452,debark',13.1561,37.8981,11.13,44,3,0.84,ET,1731880326
453,leua,48.2156,18.6071,2.3,86,55,1.84,SK,1731880327
454,peace river,56.2501,-117.286,0.17,86,100,5.14,CA,1731880043
455,kampene,-3.6,26.6667,19.46,98,40,0.47,CD,1731880331
456,santa isabel,-23.3156,-46.2214,23.61,96,6,1.93,BR,1731880332
457,olyokminsk,60.3736,120.4264,-14.91,95,100,2.66,RU,1731880333
458,qoryooley,1.7878,44.53,25.07,90,100,2.89,SO,1731880336
459,santa ana,33.7456,-117.8678,22.17,28,0,4.12,US,1731879720
460,victorica,-36.2151,-65.4359,19.05,37,89,6.37,AR,1731880338
461,cosala,24.4125,-106.6908,20.13,95,97,0.6,MX,1731880339
462,mogadishu,2.0371,45.3438,26.74,82,100,5.06,SO,1731880340
463,zhigalovo,54.8097,105.1578,-8.05,93,100,0.92,RU,1731880341
464,haiku-pauwela,20.9219,-156.3051,28.01,60,20,9.77,US,1731880342
465,dumai,1.6833,101.45,22.7,99,100,0.56,ID,1731880344
466,salida,37.7058,-121.0849,17.83,38,13,0.45,US,1731880345
467,labasa,-16.4167,179.3833,28.86,64,83,3.52,FJ,1731880346
468,mlimba,-8.8,35.8167,24.79,73,49,1.6,TZ,1731880347
469,eastham,41.8301,-69.9739,9.97,70,0,2.8,US,1731880348
470,sola,-13.8833,167.55,28.37,70,20,0.0,VU,1731880349
471,sibu,2.3,111.8167,24.17,100,40,1.03,MY,1731880350
472,jebba,9.1333,4.8333,24.89,32,0,0.86,NG,1731880351
473,basoko,1.2391,23.616,21.61,92,64,1.05,CD,1731880353
474,bairnsdale,-37.8333,147.6167,16.14,62,32,1.34,AU,1731880354
475,novodvinsk,64.4165,40.8122,0.86,90,84,3.03,RU,1731880355
476,ar ruways,24.1103,52.7306,22.86,62,0,0.86,AE,1731880356
477,manadhoo,5.7667,73.3833,27.54,77,97,2.88,MV,1731880357
478,tevriz,57.509,72.4042,1.1,97,100,5.63,RU,1731880358
479,krizevci,46.0219,16.5425,2.82,88,28,0.99,HR,1731880359
480,krasnyy chikoy,50.3643,108.7512,-12.21,87,100,0.72,RU,1731880361
481,gabes,33.8815,10.0982,18.98,42,0,6.69,TN,1731880362
482,aioun,16.6614,-9.6149,30.04,12,99,5.5,MR,1731880363
483,agartala,23.8364,91.275,16.97,83,0,1.63,IN,1731880364
484,tharangambadi,11.0319,79.8528,25.73,81,62,4.92,IN,1731880365
485,sabha,27.0377,14.4283,18.88,29,0,3.42,LY,1731880366
486,okahao,-17.885,15.0667,27.33,41,96,5.42,NA,1731880367
487,ust-nera,64.5667,143.2,-31.27,100,100,0.94,RU,1731880369
488,tazacorte,28.629,-17.9293,19.54,88,20,3.58,ES,1731880370
489,hammerfest,70.6634,23.6821,2.25,80,40,1.03,NO,1731880371
490,altai,46.3722,96.2583,-8.82,43,7,0.79,MN,1731880372
491,betio village,1.358,172.9211,30.02,69,21,7.26,KI,1731880373
492,xunchang,28.4543,104.715,9.45,83,100,1.17,CN,1731880374
493,vallo della lucania,40.2297,15.2658,11.47,83,81,0.92,IT,1731880375
494,happy valley-goose bay,53.3168,-60.3315,2.17,93,100,2.06,CA,1731880377
495,jesus maria,-30.9815,-64.0942,14.02,87,100,7.7,AR,1731880378
496,langepas,61.2544,75.2124,0.73,97,100,9.95,RU,1731880379
497,concepcion,-36.827,-73.0498,17.89,55,0,5.14,CL,1731880113
498,puerto deseado,-47.7503,-65.8938,11.99,54,76,12.9,AR,1731880381
499,laoang,12.5,125.0167,24.4,96,100,1.5,PH,1731880382
500,ulety,51.3572,112.4849,-18.37,100,100,0.3,RU,1731880383
501,bafoulabe,13.8065,-10.8321,29.49,14,93,2.91,ML,1731880386
502,trenton,40.217,-74.7429,14.68,43,100,2.08,US,1731880266
503,dunedin,-45.8742,170.5036,14.89,68,10,4.02,NZ,1731880388
504,mar del plata,-38.0023,-57.5575,15.01,74,20,8.23,AR,1731880232
505,as sulayyil,20.4607,45.5779,20.44,35,0,2.77,SA,1731880392
506,moussoro,13.6408,16.4901,24.54,17,52,6.44,TD,1731880393
507,fort bragg,35.139,-79.006,19.91,53,0,3.09,US,1731880394
508,tabou,4.423,-7.3528,26.16,85,38,3.48,CI,1731880395
509,tadine,-21.55,167.8833,24.98,65,50,6.17,NC,1731880396
510,ghadamis,30.1337,9.5007,18.67,35,2,2.63,LY,1731880397
511,tchintabaraden,15.8969,5.7985,23.26,15,0,4.96,NE,1731880398
512,sainte-rose,16.3324,-61.6979,28.02,78,75,1.54,GP,1731880400
513,bengkulu,-3.8004,102.2655,23.45,93,100,3.64,ID,1731880401
514,ta`u,-14.2336,-169.5144,26.73,81,99,7.81,AS,1731880402
515,safford,32.834,-109.7076,16.53,33,100,5.14,US,1731880163
516,qulsary,46.9531,54.0198,5.89,85,100,4.08,KZ,1731880405
517,tougue,11.4667,-11.6,22.31,42,87,0.51,GN,1731880406
518,zahedan,29.4963,60.8629,8.95,53,0,2.06,IR,1731880408
519,loiza,18.4313,-65.8802,27.99,81,75,6.17,PR,1731880409
520,salalah,17.0151,54.0924,25.05,69,0,1.54,OM,1731880410
521,zheleznogorsk-ilimskiy,56.5768,104.1217,-6.25,86,100,3.4,RU,1731880411
522,narragansett,41.4501,-71.4495,15.25,31,0,2.06,US,1731880412
523,tshabong,-26.05,22.45,29.28,15,50,5.07,BW,1731880413
524,arno,60.1167,18.6333,3.2,83,79,5.99,SE,1731880414
525,oyem,1.5995,11.5793,19.8,97,49,1.17,GA,1731880416
526,arauca,7.0847,-70.7591,31.98,62,40,1.51,CO,1731880242
527,princeville,45.7668,-61.2985,7.52,95,100,3.6,CA,1731880419
528,xiangtan,27.85,112.9,10.2,79,100,4.61,CN,1731880420
529,angul,20.85,85.1,16.99,65,5,1.6,IN,1731880421
530,mejit,10.2753,170.8646,28.57,76,18,8.01,MH,1731880422
531,gubkinskiy,64.434,76.5026,-2.86,97,100,3.53,RU,1731880424
532,oruro,-17.9833,-67.15,13.5,50,100,6.69,BO,1731880409
533,vytegra,61.0064,36.4481,5.06,68,65,5.62,RU,1731880426
534,mantua,45.1667,10.7833,7.21,93,100,2.27,IT,1731880427
535,makokou,0.5738,12.8642,22.08,88,72,0.86,GA,1731880428
536,campanario,38.8644,-5.6174,14.32,75,73,1.05,ES,1731880429
537,villa maria grande,-31.6656,-59.9018,19.19,86,100,7.28,AR,1731880430
538,lucerne valley,34.4439,-116.9678,15.74,16,0,3.23,US,1731880432
539,salvador,13.8333,-88.9167,22.02,99,100,1.13,SV,1731879876
540,sydney,-33.8679,151.2073,19.84,64,75,3.09,AU,1731879929
541,bhabhua,25.05,83.6167,17.18,48,0,2.05,IN,1731880435
542,uzgen,40.7699,73.3007,5.53,52,99,1.92,KG,1731880436
543,ciudad lazaro cardenas,17.9583,-102.2,28.76,65,16,3.56,MX,1731880437
544,nantucket,41.2835,-70.0995,11.06,54,0,0.0,US,1731880266
545,helena,46.5927,-112.0361,9.55,53,75,3.6,US,1731880248
546,gargalianoi,37.0667,21.6333,14.16,69,85,4.58,GR,1731880444
547,christchurch,-43.5333,172.6333,17.4,65,1,9.26,NZ,1731880117
548,hancheng,32.5186,112.3522,10.19,58,100,3.4,CN,1731880447
549,umm kaddadah,13.6017,26.6876,23.13,20,98,6.61,SD,1731880448
550,inhambane,-23.865,35.3833,22.82,84,5,3.68,MZ,1731880449
551,aljezur,37.3191,-8.8033,16.02,92,78,2.96,PT,1731880450
552,itacoatiara,-3.1431,-58.4442,29.5,60,67,1.21,BR,1731880451
553,kununurra,-15.7667,128.7333,25.99,83,16,2.06,AU,1731880227
554,quesnel,52.9999,-122.5029,4.28,65,75,3.09,CA,1731880453
555,reserva,-24.6503,-50.8506,22.34,66,38,1.61,BR,1731880455
